{
    "dataset_name": "webis-touche2020",
    "num_queries": 49,
    "num_documents": 382545,
    "num_positive_annotations": 2214,
    "model_name": "msmarco-distilbert-base-tas-b",
    "top_k": 500,
    "include_text": false,
    "ndcg": {
        "NDCG@1": 0.20408,
        "NDCG@3": 0.15441,
        "NDCG@5": 0.15607,
        "NDCG@10": 0.16249,
        "NDCG@100": 0.30565,
        "NDCG@1000": 0.42964
    },
    "mean_ap": {
        "MAP@1": 0.02277,
        "MAP@3": 0.03409,
        "MAP@5": 0.04869,
        "MAP@10": 0.06875,
        "MAP@100": 0.12285,
        "MAP@1000": 0.13922
    },
    "recall": {
        "Recall@1": 0.02277,
        "Recall@3": 0.04098,
        "Recall@5": 0.07073,
        "Recall@10": 0.12214,
        "Recall@100": 0.431,
        "Recall@1000": 0.81051
    },
    "precision": {
        "P@1": 0.22449,
        "P@3": 0.14966,
        "P@5": 0.15918,
        "P@10": 0.14694,
        "P@100": 0.06755,
        "P@1000": 0.01498
    }
}